V_T_psi_all,V_T_phi_all,running_min_all,V_T_psi_minus_V_T_phi_all
1153.8046333639704,959.1261923486719,-19.72161939129083,194.67844101529852
364.28846273223917,151.96270984070358,-94.16697965576356,212.3257528915356
1702.3981150735317,1582.81805957668,-51.68943634345257,119.58005549685163
308.3609535974183,178.77422328079794,0.13555182725781378,129.58673031662036
154.94634453442632,-7.863892043458691,-146.44982719180487,162.810236577885
127.45017261034309,-111.05878801117407,-183.31641865270277,238.50896062151716
157.1904848001859,-67.33556938648098,-197.31674606739477,224.5260541866669
665.2318737281612,537.4348758918345,-18.03614998781958,127.79699783632668
30.92541852305726,-191.10737553252662,-212.32255808609824,222.03279405558388
432.22035886287085,284.4596371955696,-63.26501620627708,147.76072166730125
99.06895357722215,-128.11927818162093,-191.4859610984436,227.18823175884307
161.87914654475935,-44.83447544342482,-64.55839916973063,206.71362198818417
259.71057149545504,67.0087888133377,-77.5742314390655,192.70178268211734
782.6799491194233,509.9096610778451,-152.50788504726648,272.7702880415782
293.87864875252853,57.59241589984225,-205.51779831337598,236.28623285268628
174.80261421214163,-27.17480850835051,-140.0733544820051,201.97742272049214
272.40304156523143,50.38576387434372,-162.4537121974738,222.0172776908877
7.391572933997622,-206.51953393963032,-206.51953393963032,213.91110687362794
308.3438046421061,145.52388956650984,-16.11290472117811,162.81991507559624
1.3564884126735706,-248.39632354256082,-248.39632354256082,249.7528119552344
943.4239322746471,751.2577024935174,-134.5854115330302,192.1662297811297
1362.831857183417,1192.9950580384377,-28.76954940470442,169.8367991449793
922.4942670647215,774.8111662531395,-28.519474701792305,147.683100811582
89.46241285379529,-105.17840225420139,-152.88556752027347,194.64081510799667
213.09310237772752,19.35962306313081,-121.96647886549421,193.7334793145967
517.0710492468916,294.7663941657133,-147.97387065457883,222.30465508117828
1894.2002908287432,1713.6878579445843,-60.02137046884337,180.5124328841589
25.88571471571663,-247.41703529308,-257.3487495732703,273.30275000879664
143.55919716313292,-109.85962012738023,-225.02823739260623,253.41881729051315
1226.1643569570551,1134.814552415883,0.056303501818888435,91.34980454117203
-3.400899502387915,-280.48544603303577,-280.48544603303577,277.08454653064786
174.4869333111492,-44.15240377892678,-109.82104765734428,218.63933709007597
1976.710425552721,1907.0453630312477,-5.55545638032607,69.66506252147337
1514.4214123541897,1374.914719351823,-2.7474898497029954,139.50669300236677
1.6741358011510385,-254.17620427509317,-255.5865193820335,255.8503400762442
599.6605131437236,440.7921878969323,-22.2297185170829,158.8683252467913
611.5928409910939,463.69305306139444,-52.68325078616532,147.89978792969947
851.149890740875,683.6834161313559,-83.42022488171008,167.46647460951908
696.6109849902205,500.58050006934747,-73.52332346245747,196.030484920873
77.78675147300555,-168.68094128632328,-205.88412555310185,246.46769275932883
360.965623028741,131.19531145877414,-145.67821128659997,229.77031156996685
6.001488547976578,-198.14355351919113,-198.14355351919113,204.1450420671677
-8.55649738570196,-226.06555955639885,-226.06555955639885,217.5090621706969
40.008180831797745,-212.2901534397461,-242.25717623049778,252.29833427154384
48.4939852324419,-177.7865968240585,-215.2925158360655,226.2805820565004
1432.296410394145,1321.3687982676743,-0.4756595932430656,110.92761212647065
588.5963670622059,428.2702788004236,-42.102871126410264,160.32608826178227
8.72498497328047,-207.36917673542646,-212.16290136985145,216.09416170870693
2847.365162854212,2775.200810023448,-2.783986556505411,72.16435283076407
1.844608425854858,-227.48689704337022,-227.48689704337022,229.33150546922508
-0.5705842726307537,-263.59859054954256,-263.59859054954256,263.0280062769118
394.44065210196004,195.63048529689775,-125.5660705677198,198.8101668050623
1055.2597008878383,897.342333766795,-70.68470289631252,157.9173671210433
90.47031266425574,-156.5763438198287,-225.2754963045899,247.04665648408445
43.68373292670458,-185.73167641808683,-192.707771420145,229.4154093447914
1926.0445329060512,1839.8869292938125,-6.913001734608343,86.15760361223874
189.52832194759685,-55.1303757851351,-149.07297775385192,244.65869773273195
150.68252086682878,-99.55252061595365,-157.81248832002515,250.23504148278244
1803.2129391917715,1722.8699913486043,0.5923673527961455,80.34294784316717
2.108906787680098,-181.92273532806274,-181.92273532806274,184.03164211574284
17.704723099613602,-229.58337642804526,-243.02255044491955,247.28809952765886
636.2019119329389,471.20303263181455,-87.8132132785135,164.9988793011243
0.020307375785961312,-239.97059380626743,-239.97059380626743,239.9909011820534
1199.0372222143978,1004.4652201182565,-110.72688907909287,194.57200209614132
690.8848542294072,565.6413071331933,-29.435901195686498,125.24354709621389
9.197667850592893,-291.1217182189859,-298.8006329764929,300.3193860695788
970.1952855682093,784.7420854464455,-14.749394895506256,185.45320012176387
418.6521688477105,244.35600749471996,-27.051867966631434,174.29616135299057
53.99774543784815,-167.45469007028183,-207.46727469103507,221.45243550812998
0.5643449606493505,-230.2289933699248,-230.2289933699248,230.79333833057416
2336.1726333862807,2169.242464281893,-56.875532217013486,166.93016910438791
4100.770259993456,4016.6369721509964,-10.806759449989215,84.13328784246005
61.95227904058538,-190.99449320274874,-238.58351108111307,252.94677224333412
24.43910215298729,-229.79233208678914,-229.79233208678914,254.23143423977643
2.6972583512678057,-263.461736045006,-263.461736045006,266.1589943962738
425.25870320107606,295.34444798375955,-1.082174807371402,129.9142552173165
571.3726924914654,444.00798682993536,-1.5999135467624566,127.36470566153002
1.3478164586611001,-191.7376786128295,-192.71587073872684,193.0854950714906
416.6583869180595,146.5589597742046,-216.55365628635343,270.0994271438549
363.9854585035664,129.05157110799854,-89.24345873864218,234.93388739556787
706.0598158374078,521.2848539457268,-65.14174340854444,184.77496189168096
337.2218281926316,190.72809464740476,-7.799555534363094,146.49373354522686
33.079487823318004,-215.11517498507266,-236.8923183815866,248.19466280839066
35.17662078104263,-158.7079696703624,-186.61744919583808,193.88459045140502
18.804116088676892,-243.42696863645062,-245.91712488823384,262.2310847251275
375.91223766085113,164.367963132375,-136.71677972635496,211.54427452847614
235.14030575355537,53.599724885631474,-75.48829288234214,181.5405808679239
-1.2235311218296658,-196.96866932338486,-196.96866932338486,195.7451382015552
283.94311711993305,41.13605018819277,-214.1693096275871,242.80706693174028
1859.5798276089827,1731.1329341138432,-62.54979980775633,128.44689349513942
788.5283828069132,670.0355812558377,-45.667863227024334,118.49280155107556
820.8099521811391,712.6479184019132,-27.375627663419035,108.16203377922591
1456.9582455382097,1366.2496557971033,2.039713387205893,90.70858974110638
392.66701113423096,201.3565909511637,-6.136963600122755,191.31042018306727
1012.1267878767758,817.740286788777,-99.84174423421948,194.3865010879988
205.28586224421088,19.990292640911605,-75.00700578376711,185.29556960329927
0.09320653935634482,-239.31149920960615,-239.38338961176095,239.4047057489625
1098.2794054900987,961.1148486487825,-12.763952991677236,137.1645568413162
1221.0694741467214,1027.182023908427,-141.35270154356772,193.88745023829438
47.309865551321764,-147.34118930602887,-181.65819422247318,194.65105485735063
46.721372508283366,-176.31263066102593,-203.04603119646052,223.0340031693093
25.99126789211323,-182.76967848466242,-202.93443841864848,208.76094637677565
668.6963338715968,464.22576170319337,-144.40419162537734,204.47057216840346
788.8730737848291,601.1774860630084,-70.53357840136945,187.69558772182074
1430.604596881738,1335.229152554378,-13.867667373086142,95.3754443273599
20.7892193312,-186.14694698344013,-193.2890693240706,206.93616631464013
1097.3240715908105,977.6155639034878,-15.2317100568415,119.70850768732271
262.3758541941306,47.77127939112074,-125.33798376775161,214.60457480300988
1214.8075653663655,1001.1469868509253,-144.9875346285981,213.6605785154402
428.56612024083006,187.14495183417756,-144.3749688052344,241.4211684066525
458.75717420676847,351.8780996161639,-21.323333494224478,106.87907459060455
1910.7397042387674,1773.6669473693523,-64.72598967142733,137.07275686941512
912.132731108497,719.5991096948678,-120.23605444705305,192.53362141362913
490.40945486094097,328.3522698675907,-12.806809473193631,162.0571849933503
386.7274489909332,176.1199225673947,-168.58324395834308,210.60752642353853
212.4748112679572,3.7177959425865197,-155.62981081388114,208.75701532537067
336.0696415879056,153.08634047658416,-100.833541965086,182.98330111132145
1922.1794779703196,1764.638309434459,-76.95103702268793,157.5411685358606
380.3965030951813,200.49481802416793,-71.88583736342216,179.90168507101336
164.45914851888847,-12.264281986104436,-118.26490601498392,176.7234305049929
964.3632521805011,693.6378204459132,-167.88587940742286,270.7254317345879
11.093472251779076,-204.12273402428877,-207.12831943172648,215.21620627606785
9.924298187719387,-221.4449115558511,-222.0882497833444,231.36920974357048
9.067297046113254,-243.06658934385862,-243.06658934385862,252.13388638997188
341.3874386845855,172.0037733288479,-26.097355924017663,169.3836653557376
25.243146505918958,-173.30090216556692,-190.85726256644602,198.54404867148588
12.523043873066854,-210.26737801543274,-219.5423147757421,222.7904218884996
1928.5429073640153,1802.3769193027927,-48.03971268594634,126.1659880612226
1331.249793951476,1139.7184321247314,-105.61415569893951,191.53136182674461
417.7826878136939,252.7921291211119,-2.384514536458198,164.99055869258197
18.98205383072809,-146.17452696121276,-152.53613590380454,165.15658079194085
7.659736541545271,-150.10731361887107,-155.34733955815923,157.76705016041635
1657.2274550567872,1524.6273616124981,-38.61307211927941,132.6000934442891
99.6877150420114,-38.2422479402332,-45.46121033275958,137.9299629822446
987.9778104976685,809.4154872336832,-82.58850747741747,178.56232326398538
136.51316285243138,-71.04082120176537,-134.34344292177053,207.55398405419675
819.9759048801316,646.0978055805347,-96.26835291490639,173.8780992995969
184.80810074626606,14.05031533243232,-147.04956451237123,170.75778541383374
1480.8283283298933,1231.365541031063,-192.8992910898126,249.46278729883034
547.2713718389123,324.6174991776671,-147.17592898672402,222.65387266124515
445.93462167324105,207.80296967784318,-153.528627076138,238.13165199539787
553.6121275055148,394.4843691242779,-25.530562572767735,159.12775838123684
3.168317658049773,-205.38152065136197,-206.04327464324393,208.54983830941174
95.29868869043412,-134.6925899376659,-213.51858505966464,229.99127862810002
292.7456729808937,100.17774984399819,-61.800645042181785,192.5679231368955
938.2411569127125,799.4211126885307,-11.39019884133922,138.82004422418186
982.8301681829271,815.3344787648257,-65.09903292725258,167.4956894181014
68.81183837402432,-163.7306213958498,-190.55693582795055,232.5424597698741
288.6575520874594,86.99795165822104,-140.85315584415503,201.65960042923837
793.2385711444012,611.6937767617258,-112.8518091107062,181.5447943826755
1508.2726451066337,1311.603175787891,-109.13669389958346,196.6694693187428
507.9898504746925,338.36018527435147,-81.59193271517506,169.62966520034104
549.0376420353005,356.0196125230319,-99.38172779644165,193.01802951226853
443.3468314371539,295.951216769517,-27.29384715105975,147.39561466763695
1551.6012407934504,1425.4244841126367,-5.391596240499712,126.1767566808137
1783.5461946835003,1692.1310185075324,0.6394632626586372,91.41517617596787
1808.9880527603036,1681.8767216978501,-30.055061083757828,127.11133106245347
131.89634936013226,-107.97814758706332,-205.601128535573,239.87449694719558
137.72380465409515,-63.102639042752116,-96.82125223977374,200.82644369684726
578.1361500357307,372.99466309053196,-54.284077786203454,205.14148694519872
854.8362069011127,691.5311820124806,-29.289986866898428,163.30502488863215
209.46674050320416,-2.6353149736501393,-141.56547185648324,212.1020554768543
24.65360616320777,-225.23280222950757,-238.21226265305648,249.88640839271534
1164.5934645958478,937.6915490456446,-155.75264417742773,226.90191555020317
301.45771245443393,77.43815317773473,-115.2917569986838,224.0195592766992
545.2140289630452,314.86071696385284,-144.64401287446435,230.35331199919233
95.97358592431874,-109.31167231389978,-160.67943025733507,205.28525823821852
111.76208854503102,-131.6498089287716,-198.41799960673544,243.4118974738026
-1.9152256717376304,-238.45512237559714,-238.45512237559714,236.5398967038595
820.0115068406885,698.8080977121056,-23.728461874980923,121.20340912858296
174.04425885281853,25.323678479648237,-33.06570853985278,148.7205803731703
168.87865744269038,-46.815033080608146,-146.6328530936342,215.69369052329853
86.02264015073979,-159.09579047107138,-202.48013070062902,245.11843062181117
739.4808874862283,508.39677308284206,-189.3150775397432,231.08411440338625
20.562868193787608,-219.90083693842564,-236.07017375099036,240.46370513221325
2341.6817321226645,2211.905964657665,-6.0137788588227945,129.77576746499926
100.33787307322109,-112.96670185159934,-126.54391945424064,213.30457492482043
260.4906140174444,40.59583999195331,-154.02247065585158,219.89477402549107
450.9573876613431,270.984881936753,-49.100000775403345,179.97250572459006
274.4922284592212,46.78553875989064,-188.88947914895928,227.70668969933058
241.85364391123494,63.16624086331262,-84.27645487491564,178.68740304792232
607.8709936944615,440.98341304252756,-42.40179212895565,166.88758065193394
49.086629285023264,-159.30483376689523,-175.0851136994525,208.3914630519185
3291.394185851006,3228.896278236859,-3.3527328763574236,62.49790761414715
354.165478722025,122.55757110151902,-180.4373863148897,231.60790762050598
1006.224602649354,895.2700350514189,-8.254180346485974,110.95456759793512
1118.0347705477525,927.2162437123405,-54.991694608619646,190.81852683541194
-0.2121805736845488,-224.32798459056434,-224.32798459056434,224.1158040168798
-0.3827836250339658,-239.30517061310732,-239.30517061310732,238.92238698807336
631.5337041532048,508.78889435661983,0.19380842817922694,122.74480979658495
7.664064884724667,-215.49967424713344,-219.25841908908234,223.1637391318581
20.732490060062446,-182.8823245467766,-182.8823245467766,203.61481460683905
244.65569493465136,9.877680080106472,-202.38141566496068,234.7780148545449
58.74825111118662,-134.1617733499606,-167.51475728238583,192.91002446114723
2259.1382565087097,2104.5371293953717,-29.415008907160527,154.60112711333795
492.77606674981234,274.7170297032558,-154.4349000700114,218.05903704655657
513.4474592438946,301.22570600015774,-89.66172639830705,212.22175324373688
125.12687753442242,-100.35056479111941,-183.52775238253716,225.47744232554183
471.2546973224007,222.33458838564746,-195.12432031875363,248.92010893675325
317.2546630887009,102.21503053697498,-167.40333635706796,215.03963255172593
408.5159524824967,266.99484965722854,-39.84519911681959,141.52110282526814
44.55945446875103,-178.20576009692982,-204.0590051215724,222.76521456568085
1166.4478442130403,988.5061066760738,-84.08356019479339,177.94173753696646
14.638354851314489,-231.7825769709982,-239.2347152778823,246.4209318223127
18.99912983297463,-248.28079933344821,-249.69089409920252,267.27992916642285
344.3039673587982,127.50599866576681,-148.09547416228952,216.7979686930314
309.1754465433687,88.60841221797025,-116.75076631867046,220.56703432539845
580.1690391115535,371.6974259193124,-146.7021518152954,208.47161319224108
798.672275065107,605.6218909807632,-114.05011756314065,193.05038408434382
1228.4979808399148,1033.5654793282308,-59.25392953934832,194.932501511684
4168.749703564301,4111.414521057088,-5.794523311366092,57.335182507213176
-3.0597367359289365,-232.63943875654093,-232.63943875654093,229.579702020612
184.21355006360136,-40.715594610382254,-167.39352746712228,224.92914467398361
1422.015171128569,1279.320531850296,-40.994449862987196,142.69463927827292
2217.8956191392153,2118.589978450207,-32.557827212261586,99.30564068900821
30.081957947659703,-184.97898868234216,-191.47137127538105,215.06094663000187
95.0548390217059,-170.48793940881234,-242.84243765577267,265.54277843051824
139.58511837724018,-72.1883834752295,-156.4698458926383,211.77350185246968
-6.652385486651156,-238.50196556091117,-238.50196556091117,231.84958007426002
2754.5282661453984,2662.7853391682497,-14.646913943795479,91.74292697714873
627.2490313120406,404.9902508364921,-168.9527754929189,222.25878047554852
274.6194542845051,102.74421141657061,-22.12790940536169,171.87524286793447
1939.9706763426439,1740.955716766278,-141.9102120827805,199.01495957636575
751.9495474517662,597.0934147572332,-75.5461291667888,154.85613269453302
1153.742236641042,1005.6983738030106,-45.38170751077166,148.04386283803137
188.32626897531372,-2.6838804511114063,-77.49112884623683,191.01014942642513
641.472471286148,459.6087150826489,-82.98437975885221,181.86375620349907
692.8078346470465,442.76247379029735,-205.84658363504226,250.0453608567492
1282.7478263644334,1153.241513700812,-11.467742742664353,129.50631266362143
556.0460044981673,379.12208222848324,-133.71766952027903,176.9239222696841
31.246641162590095,-223.21576393407165,-226.07936314398887,254.46240509666174
1.796385486459485,-212.55497232445487,-212.55497232445487,214.35135781091435
536.4039043213561,307.11094531182823,-156.98127486909283,229.29295900952786
18.81274506019463,-203.0496321631137,-203.0496321631137,221.86237722330833
1613.6617876978162,1476.0299345308401,-38.541812897778314,137.63185316697604
2202.4228638471523,2004.5207315141872,-103.04150855442185,197.90213233296504
5.628755470635042,-243.52891135744335,-245.23855276650508,249.1576668280784
3534.077278522418,3445.045095224599,-1.9472299733352187,89.03218329781885
1836.8977882804338,1766.8862981328784,-0.20970913900484334,70.01149014755538
1001.2013046655047,828.6523257145666,-78.51965845032896,172.54897895093814
245.57222345499122,22.694967779087307,-177.38089828497678,222.8772556759039
8.334347674656556,-257.5868242870728,-257.5868242870728,265.9211719617293
157.74911562412854,-82.78178996679739,-179.34220652364655,240.53090559092593
855.2108551960982,684.2713524361081,-105.0489891148058,170.9395027599901
104.92676310991192,-138.63648761709015,-171.65467412323733,243.56325072700207
1023.0744498860513,863.5403291157563,-39.434933803993744,159.53412077029498
1468.0153834632183,1360.9226435455398,-14.930639987691958,107.0927399176785
18.765122039624657,-188.6905420708078,-195.18784018319315,207.45566411043245
941.2397917922217,805.4291768162838,-34.61096418381147,135.81061497593794
574.7031519049451,390.73611176698626,-125.32397531079701,183.96704013795886
76.96596728785289,-175.37969279080363,-229.21473193858304,252.34566007865652
1091.8240496082963,923.1651995737003,-85.8652409557453,168.65885003459596
432.95133756977066,247.51701335409962,-21.67443792946449,185.43432421567104
553.4620705068992,440.3842808745019,-15.243999685576249,113.0777896323973
2743.7075399493297,2670.4370451532077,-0.26459540720088626,73.27049479612197
1.0044418701745599,-272.3847883892115,-273.131593609701,273.38923025938607
544.956706820567,423.54813336252425,-23.056262546087165,121.40857345804272
42.399331992908174,-164.6384876376443,-186.54913684994406,207.03781963055246
6.79979191755865,-209.68277236166966,-209.68277236166966,216.4825642792283
1963.9538748661525,1863.0010724847002,-16.116365894634328,100.95280238145233
436.0774434472951,285.66572633338654,-25.404386511076382,150.41171711390854
326.5288075833487,136.57676174410565,-133.78852825003617,189.95204583924303
777.6954332584119,601.675603759995,-93.1848209447149,176.0198294984168
178.08947357764828,-20.021634630675152,-64.52994322846364,198.11110820832343
218.5735908853003,3.0848630879661982,-122.66466028716242,215.4887277973341
33.65770912593325,-163.84994805244924,-178.43302387934773,197.5076571783825
1.0732393044235664,-206.3824070129063,-207.07812006605067,207.45564631732987
259.48417093461467,83.6451084068591,-27.691892937334615,175.83906252775557
341.84617184990475,156.0720798539091,-140.2266284396927,185.77409199599566
1.3884994966431918,-247.40465628329414,-248.27793436451432,248.79315577993734
884.3096254061702,752.1650921400844,-14.364693703426997,132.14453326608577
18.915558916510008,-190.15119253049266,-205.2842699038306,209.06675144700267
611.7451114851729,444.36574140273626,-54.49652877348245,167.3793700824366
507.5038359981463,278.0524486195249,-168.49651628505808,229.4513873786214
103.99193485273918,-141.1068470127964,-155.30391767322814,245.09878186553559
1113.9781910994461,999.1525139490069,-17.5642403878861,114.82567715043922
1.4011377680614032,-254.38132155601943,-254.38132155601943,255.78245932408083
84.49260934508766,-126.97180176202056,-126.97180176202056,211.46441110710822
1.352546238288312,-189.21953157907305,-190.13381053391848,190.57207781736136
820.9173137491352,676.9303907627003,-73.27368216396349,143.98692298643493
125.77298681276352,-111.05471964621569,-151.22246311488934,236.8277064589792
67.0724982310876,-197.9761029511896,-204.1753513605064,265.0486011822772
1213.5988462628193,986.249152051461,-124.64959182340598,227.34969421135827
61.14953138799092,-151.0321943411936,-167.96127070201595,212.1817257291845
2365.351620271229,2290.1011299391503,1.012512539695365,75.2504903320787
599.1008049245302,469.8485030172758,-22.22596646092379,129.25230190725438
118.68111614215195,-133.75034680967684,-226.3388988722,252.4314629518288
-1.545416925280506,-234.15857621600108,-234.15857621600108,232.61315929072057
302.5390572358838,135.28367354559498,-34.1250785551644,167.2553836902888
429.50564693299566,213.32034543302953,-97.26066230816386,216.18530149996613
1.537573763451519,-227.65512637224535,-227.65512637224535,229.19270013569687
2668.2851880067174,2566.5495220755784,1.2209261914425724,101.73566593113901
1.9275866080774904,-237.34001175197085,-238.83596221085173,239.26759836004834
26.83321334169932,-239.29225657144667,-258.0400592418869,266.125469913146
15.537299469914387,-209.63657927352568,-220.55788311590285,225.17387874344007
896.0260688450826,808.4599829043074,-8.768058558818424,87.56608594077522
16.333762255086185,-165.82208196324444,-175.46544292688327,182.15584421833063
2590.353833660436,2504.000362625622,0.9057277739413223,86.35347103481399
502.913451187198,374.2575783713952,-20.67334725534395,128.6558728158028
294.6915034353133,148.27805584429785,0.3208675881755898,146.41344759101543
1521.81413336504,1358.4104974708584,-54.89040590378082,163.40363589418166
744.1476953252013,565.9805930222021,-87.74494080927363,178.16710230299918
236.98267570968073,31.76891129452912,-154.30021862284835,205.21376441515162
34.55031632487544,-177.45586120559642,-200.68824483232322,212.00617753047186
640.1702751902958,412.0369706435432,-121.81250077877277,228.13330454675258
-1.1988024267327546,-239.36120658162554,-239.36120658162554,238.16240415489278
132.3065582166173,-68.54040066672229,-163.49658569658015,200.8469588833396
58.258440458705536,-109.76562689868646,-109.76562689868646,168.024067357392
31.501460735497858,-184.71670838388337,-199.8187570526037,216.21816911938123
301.9919464429504,102.08838289547029,-116.40483130978134,199.9035635474801
1946.0127373844862,1863.9569533281397,0.20914234754559402,82.05578405634651
812.2920860452505,605.2304646654082,-118.31270153407377,207.06162137984222
41.79919760393659,-204.52795571853477,-217.5479400510194,246.32715332247136
392.0726380049864,219.02616344501507,-88.55669716223412,173.04647455997133
162.55969718076358,-73.47749485047541,-164.8963792852299,236.037192031239
118.21172107301572,-89.71557428438746,-184.21157936184596,207.92729535740318
621.3953563737596,481.28219899713866,-1.2122403432011275,140.1131573766209
337.8038065303299,132.46017745820686,-131.71032559150038,205.34362907212304
288.35989764867463,148.03621955453582,-19.910595676317243,140.3236780941388
188.46282820337183,38.85497189834936,-30.723969557792117,149.60785630502247
1416.6329820085393,1246.9345280241596,-61.44532317624926,169.69845398437974
1673.8287493966727,1597.18818769787,-2.334345913667903,76.64056169880268
3255.659429534686,3101.4866387692996,-84.93178866710353,154.17279076538625
25.476540342239105,-209.39506443143594,-230.07113457447306,234.87160477367505
4.377376610671718,-227.27658365215802,-228.9470141762246,231.65396026282974
1007.4383987875444,873.0870403526267,-38.08876161304568,134.35135843491776
633.4128258718238,479.3833098653597,-59.045206465356486,154.02951600646406
2.8639809453919725,-189.04338404056372,-191.635865527309,191.9073649859557
1073.3918559365993,874.0789524901293,-79.1495368081143,199.31290344647005
1742.5247996407343,1628.0100716009226,-20.126351078460736,114.51472803981164
67.70194219126643,-178.77829919602146,-201.58134414853293,246.4802413872879
936.6975781694355,756.6415918967161,-78.31286107392239,180.05598627271934
743.9271513738613,518.0511231103233,-141.34814348910143,225.87602826353805
330.2870783840017,141.60050714335583,-139.3371759520663,188.68657124064586
775.1789089217255,620.4598108011371,-0.7527353969005901,154.71909812058834
356.60670926905186,191.83907963665445,-48.80457363120514,164.76762963239742
1125.4818641447018,959.8489649847928,-51.65447466102049,165.63289915990902
0.13184478393623067,-228.02943623717096,-228.02943623717096,228.1612810211072
80.58844927779137,-136.06493514470077,-136.06493514470077,216.65338442249214
1439.3478492989616,1281.5058538523422,-46.58548965326955,157.84199544661942
233.36943785166204,42.985227741026904,-133.59603675592282,190.38421011063514
-1.6140725498187294,-186.57520698395552,-186.57520698395552,184.9611344341368
56.1563645566157,-141.60816527614693,-185.0688462439007,197.76452983276263
27.343065367845156,-180.0764869134921,-181.60768093194758,207.41955228133725
824.9601086293842,624.9995722243394,-68.82888845222274,199.96053640504476
2236.4238663774213,2164.7107005128764,-6.741478483718062,71.71316586454486
342.5377855067918,64.13561117373854,-228.29397630057696,278.40217433305327
124.79175255369228,2.4190941924330502,-1.4129597834297378,122.37265836125923
116.98161959931213,-108.08338231094248,-197.29575160566665,225.0650019102546
399.2377083138708,186.58433437923523,-177.11059977063277,212.6533739346356
323.228721192816,91.80999333089267,-180.13259107393364,231.41872786192334
1011.7961485077394,880.9167870306457,-40.482724702618164,130.87936147709377
450.98132162231286,219.6116688318364,-129.24037695369657,231.36965279047647
159.91762337748605,5.987090580138982,-73.62139299836707,153.93053279734707
1579.9196916208093,1407.4709880847033,-38.491790495151875,172.448703536106
183.36559213899,-60.31162996356255,-216.0634304968095,243.67722210255255
127.04086777402335,-50.915857930307226,-70.4157485300822,177.95672570433058
46.415171762391765,-201.53457916876204,-238.4403126223225,247.9497509311538
-2.850256122405426,-225.56561397241697,-225.56561397241697,222.71535785001154
597.9579837663487,401.7892992162102,-123.99745489427646,196.16868455013844
436.0524226017533,255.14711541190255,-89.11688687386348,180.90530718985073
1577.7084585843404,1411.4172114000394,-11.519791184517782,166.29124718430103
8.682808678981019,-211.66912427647878,-218.36382823815734,220.3519329554598
1081.3881940413557,926.9286949348254,-34.04787097596709,154.4594991065303
13.278061171246918,-219.4501975902611,-225.3407549758943,232.72825876150802
828.1034369800691,724.8130068091982,-22.383301047331525,103.29043017087088
126.32657849938732,-112.88561510314099,-224.19214879408696,239.21219360252832
718.6187533579341,554.2457663205621,-68.24441481689557,164.372987037372
705.8168513236633,606.8341458730521,-0.6078958961164744,98.9827054506112
168.6090574010559,-80.6337614486352,-176.2939457907079,249.2428188496911
263.2438307729517,27.375141752576923,-155.98725200201778,235.86868902037477
61.996832402122436,-195.89283598721994,-233.09491698549533,257.8896683893424
764.621980687376,522.7096179298903,-151.9914487237932,241.91236275748565
4.9055441781790705,-234.5287492889333,-234.82831302435497,239.43429346711238
25.484396071322408,-201.78609480076636,-201.78609480076636,227.27049087208877
0.02217656435493609,-234.09424973279062,-234.09424973279062,234.11642629714555
37.91216524577976,-242.8677495205364,-259.11109299672967,280.77991476631615
524.7480384909213,303.14701056911645,-138.30553989427742,221.60102792180487
642.9133248566277,473.6802230098299,-97.28696497654607,169.2331018467978
222.85475058693282,5.660575754514923,-158.01862357436684,217.1941748324179
3.417682230909463,-203.64396779951642,-205.86699069572956,207.06165003042588
1948.7689506404222,1882.7344685540197,-0.604761333442994,66.03448208640248
23.445190354045508,-219.8809009507415,-236.02540169489262,243.326091304787
182.71943843250756,-36.89429783135839,-182.25978189440198,219.61373626386595
99.27696067315719,-109.62400811299034,-110.22493398175558,208.90096878614753
1.280726931081631,-215.9868189145074,-216.91286845155437,217.26754584558904
648.0797480594774,450.81188627637744,-106.48846892866462,197.2678617831
1341.5369147034671,1151.2650049524489,-82.63291817944122,190.27190975101826
1414.4979369267949,1257.4537381511363,-70.82881522577595,157.04419877565851
148.03471293368148,-62.10640953922828,-144.11122129574275,210.14112247290976
89.66667797749687,-103.8986243132291,-150.23080046840076,193.56530229072598
1392.1470607313695,1195.1287393846906,-113.97926480195825,197.01832134667893
119.79965003809366,-119.39533890444244,-193.58816404991754,239.1949889425361
466.7415637210879,254.6933967008855,-145.6986254137741,212.0481670202024
712.2327943851042,573.9474009956016,-9.98580176276829,138.2853933895026
302.82221011127876,71.02707824446787,-175.15015347511726,231.7951318668109
644.127163124801,439.8029244334472,-117.40508437950386,204.3242386913538
653.4260133476282,458.25912266689505,-70.67031941484936,195.16689068073316
1136.6822192862746,921.0400739075576,-139.52210183855007,215.64214537871703
199.11349483131744,-14.126184407994202,-50.23979281646277,213.23967923931164
10.391109085275957,-237.03573021151084,-242.62926082199317,247.4268392967868
1908.0794553384112,1777.27124584386,0.003822917038615259,130.8082094945512
1692.5199548127412,1584.0882279413524,0.3053538273223637,108.43172687138872
744.718364783932,529.7629648918257,-76.66394268978149,214.95539989210624
3767.6536413397353,3667.8907430682016,-44.36620471469489,99.76289827153369
158.0237527943218,-71.11850585509023,-168.75346214467908,229.14225864941204
54.717211846950704,-170.18543333961492,-182.39147052936266,224.90264518656562
375.8114641288066,182.72702464838954,-159.47916907045678,193.08443948041707
2338.225961881062,2229.4967672391026,-9.745013678784474,108.72919464195957
83.9099841756547,-79.3883353787381,-104.20624225780276,163.2983195543928
181.24017949478275,-59.26748060215701,-191.0432286194605,240.50766009693976
401.67771620018357,165.96893666549818,-188.89522658534173,235.7087795346854
890.6376353193882,746.6115767926441,-31.024984334916745,144.02605852674412
202.0448376701588,-12.279684420770025,-184.20945813378745,214.32452209092884
475.7838442699094,288.7255015116642,-93.19624952925201,187.0583427582452
327.316330506912,65.84670124030879,-144.17624226002062,261.4696292666032
714.2828542673751,477.5649518606666,-142.4697439127057,236.7179024067085
0.5888871793789576,-202.74072834139758,-203.27369066014106,203.32961552077654
269.60133887669326,47.17946115639859,-169.114387786696,222.42187772029467
3111.525880424564,3008.726637113327,-10.478097547799791,102.7992433112372
215.2880284400635,27.039475694080465,-140.36896291508123,188.24855274598303
168.3936080411222,-44.9428539258879,-118.922510592523,213.3364619670101
150.56845636460412,-140.09959143132932,-223.3014622543862,290.66804779593343
1671.3316425046323,1574.79533513026,-2.1897850940441543,96.53630737437243
118.21509750390078,-58.73782101434395,-80.73209361827942,176.95291851824473
556.9733221111055,330.62710536186347,-122.98677052794852,226.34621674924205
32.5667813600744,-160.05255029336445,-160.05255029336445,192.61933165343885
216.19899842293762,-18.49866424524373,-194.18721249654413,234.69766266818135
259.7461149143446,7.7241313432267305,-181.99913352897357,252.0219835711179
1167.1294553709904,1026.0827716066324,-46.19359294604074,141.04668376435802
1232.5818224508312,1094.8314946902271,-22.249531196720554,137.75032776060402
168.06565117300306,-29.062134200311903,-136.04194453488526,197.12778537331496
0.19059408975658698,-221.25806121954378,-221.25806121954378,221.44865530930036
702.8378153649528,564.0788510926718,-29.016971096359963,138.758964272281
1504.8591434152386,1378.7634159458776,-62.2302060408075,126.09572746936101
137.74211822327925,-68.91636576004828,-178.93289309570963,206.65848398332753
1382.8325770140145,1281.4054640003567,-0.9166615495034875,101.42711301365784
907.0997740275197,728.0343696667505,-73.83418801233888,179.0654043607692
454.153684265475,211.8912081060488,-160.26411530291512,242.26247615942623
-0.7572217625076121,-213.3133360194731,-213.3133360194731,212.5561142569655
22.64824184819099,-229.8593997010332,-229.8593997010332,252.5076415492242
882.6018674871302,679.5994355996909,-142.76726747249504,203.00243188743934
19.309682635953095,-190.47217635049276,-205.3066123963274,209.78185898644585
1689.8352633451032,1564.4243902988171,-32.222553139161434,125.41087304628604
792.3534821988596,601.1457143378092,-88.86323705394908,191.20776786105046
302.90671113944427,102.16244992842792,-148.25498763753728,200.74426121101635
616.7571585282421,399.76262040801356,-104.8547472184235,216.99453812022858
0.03227700586933224,-215.42751510077375,-215.42751510077375,215.45979210664308
175.41773864707739,15.57612044788641,-38.641185325797736,159.84161819919098
712.2042915866114,496.9092631992248,-132.56440897801076,215.29502838738654
1091.6394894024652,840.8107813331177,-189.53801891961984,250.8287080693475
0.10984665042514052,-236.8228608186204,-236.92781401734078,236.93270746904554
-3.045391087752364,-260.9873992855405,-260.9873992855405,257.94200819778814
1968.0556334704797,1835.4085440789295,-62.63455032702663,132.64708939155025
1411.4335333309427,1221.0861955252008,-76.60958315599913,190.34733780574197
1046.1621243458803,836.5093528023837,-118.86893868577562,209.65277154349667
981.1358903824857,819.0888567172881,-44.55063859578142,162.04703366519766
301.41972920217813,131.68326352853322,-70.03987038410523,169.73646567364491
7.7812596251822015,-155.85102371400282,-155.85102371400282,163.63228333918502
192.7638226361223,-17.137839917845923,-108.13584606182192,209.90166255396824
316.0657267228944,69.79268512027346,-224.1378965211063,246.27304160262094
514.6403824854378,325.8414804081093,-91.11351928105813,188.79890207732853
31.298711681934037,-173.5592192431214,-196.15984004814354,204.85793092505543
70.15966458791218,-155.66043287486832,-192.57227607050345,225.8200974627805
248.41705947635182,3.134749613517698,-183.72865771096926,245.28230986283413
664.4658292451668,477.2268246526414,-136.58814836959786,187.23900459252536
499.3001139846847,291.89560667128063,-112.8750095896332,207.40450731340405
1980.4437404716937,1859.4708203769524,-53.65937310366902,120.97292009474131
181.0252098812898,-7.581046002172002,-102.47681318509618,188.6062558834618
631.769922446887,471.1502037898392,-15.410128565023125,160.61971865704777
310.2892071659717,123.35275457152565,-97.23986268508722,186.93645259444602
75.92271894527039,-140.60042453288517,-172.80308213442407,216.52314347815556
1036.7152091664411,850.7423144859582,-99.01907153016217,185.9728946804829
787.0998300367737,595.6186541839393,-95.28005642976463,191.48117585283444
120.55539411369409,-116.47271360263488,-208.85250297726603,237.02810771632898
491.4589936147913,287.8399246429791,-104.30161564184021,203.61906897181223
71.50881672075411,-169.95659340495382,-188.54547614175095,241.46541012570793
3.5325192576572135,-204.21679498869432,-205.2769395516237,207.74931424635153
251.67796023179835,36.21333989793729,-185.0329419272794,215.46462033386106
42.91059865567604,-200.52592799267813,-237.04747695048295,243.43652664835417
524.1388310519869,295.91675272322317,-185.69053894929885,228.22207832876376
1042.0630211014231,892.5497336775815,-68.83512922459097,149.5132874238417
1020.2002933737895,822.7359680238224,-110.31957574985898,197.4643253499671
1093.852811020266,976.815293291823,-19.41180427612702,117.03751772844305
1471.5720492429882,1332.2502982408112,-19.773999599755538,139.32175100217705
54.99373066183762,-179.29677172535168,-224.37870671952746,234.2905023871893
1.5309287667739682,-229.48417630569006,-229.48417630569006,231.01510507246402
1515.1321860840944,1371.2821607687833,-37.33041885186395,143.8500253153111
13.303907256713956,-210.75711565550478,-221.06091707276522,224.06102291221873
17.58767832785861,-181.32333205002695,-190.9361538156093,198.91101037788556
1038.7559553815954,874.3058313506291,-51.805235014701005,164.45012403096632
1419.3044911023007,1317.7269082129972,-12.419329519600495,101.57758288930359
1427.8673668276642,1233.148862471789,-117.24724804892708,194.7185043558752
1043.4069413378656,888.6298473514573,-31.097120638954863,154.77709398640832
36.57289779026746,-159.19860643489238,-184.3527169427099,195.77150422515984
314.66115445892865,111.03829010523498,-35.772264034586,203.62286435369367
36.26874039798986,-219.2007281724823,-231.57074458271632,255.46946857047215
151.9468496417685,-78.95778755167538,-159.24079002498345,230.90463719344388
6.193408202156888,-202.58151927695818,-202.58151927695818,208.77492747911506
401.9556710139286,217.81121388256204,-99.38637135040068,184.14445713136658
51.76516471395371,-194.6998991439446,-209.6475631664989,246.46506385789831
219.15744030542828,-10.739988617819847,-119.71253696337637,229.89742892324813
53.35663415794534,-158.86807225640706,-199.84216622883216,212.2247064143524
3.957738789582777,-262.6773964491885,-262.6773964491885,266.6351352387713
1.6477420470105244,-234.78739912750717,-234.78739912750717,236.4351411745177
1931.548590427914,1755.4541442339112,-97.33556136259209,176.09444619400278
15.967541482265915,-198.26590576464685,-206.1766016335517,214.23344724691276
484.14173779996054,289.71367444334544,-67.81092833644956,194.4280633566151
1544.487890331584,1390.1093929681097,-76.47489345921693,154.37849736347425
71.79618007025647,-169.864277894884,-221.94772856961052,241.66045796514047
346.3808276911559,122.72039348604457,-85.35441300905147,223.66043420511133
900.6062831142481,635.8726000490151,-191.34589766191868,264.733683065233
683.9330364971956,509.4134555301253,-76.52124312780307,174.51958096707034
84.58376833516195,-150.8409386362546,-175.91391775607465,235.42470697141655
13.488986578402319,-206.74757484039472,-209.79454772083162,220.23656141879704
126.51897072860265,-91.90737856487704,-159.03530428295338,218.4263492934797
54.27652692275433,-179.25292260934847,-215.88368442545925,233.5294495321028
162.53998098179727,-104.76337263893686,-239.28143582047937,267.30335362073413
247.6356674423223,3.7720607578876866,-206.89232860135212,243.86360668443461
65.42694510735282,-142.76733931377908,-142.76733931377908,208.1942844211319
20.979920635687904,-194.34626339685636,-194.34626339685636,215.32618403254426
117.33113239837894,-158.5882385156021,-253.0342360267345,275.919370913981
131.72098742448316,-86.11429687114645,-129.86824203244845,217.8352842956296
650.3218895493501,483.1595330159539,-12.972796843813025,167.16235653339618
24.743994309146956,-194.00803870055745,-195.87065809416288,218.7520330097044
41.3880518724859,-204.94879220643747,-234.1736405050347,246.33684407892338
129.90718461711276,-97.97950416243862,-172.238401544013,227.88668877955138
14.503334604394695,-211.63956724409672,-211.63956724409672,226.14290184849142
202.28883151457921,15.82237264054038,-61.676797500698235,186.46645887403884
9.695851181378657,-246.1611110973034,-254.30569749018235,255.85696227868206
60.34820429918727,-166.61123461104768,-194.8198260357017,226.95943891023495
67.02746539223517,-127.29956412772961,-166.06892182550527,194.32702951996478
588.9773193630299,411.0601786785683,-128.78372620227154,177.91714068446157
842.3801047805355,617.2515733496311,-120.84072524871661,225.12853143090433
2072.9270656195495,1909.819577536843,-6.764963213289889,163.10748808270637
45.138550000203395,-162.58260286805307,-192.6866837131706,207.72115286825647
396.74760497300576,231.9950467340249,-25.341449721234167,164.75255823898087
406.87961305900717,170.2268034750876,-170.21733768138913,236.65280958391958
610.1864704073432,448.0572673808531,-76.81099348457275,162.12920302649013
56.07270646028155,-134.61091462277457,-161.59883572772162,190.68362108305612
379.6677820981531,194.49595335059433,-119.22970254662843,185.17182874755878
2858.970517974247,2758.8849509887254,-3.662221948424758,100.08556698552138
1.2082574197518738,-249.2745981787349,-249.74490197899848,250.48285559848676
382.71840239073117,139.80129429598156,-191.63380173235421,242.9171080947496
1566.1178981157555,1471.0871988598485,-1.451098313593949,95.03069925590694
899.2098174689563,767.4649355114551,-28.600505531567016,131.7448819575012
352.23717364016466,211.80980355910492,-10.943726666015749,140.42737008105973
815.9840961260679,618.8860222026675,-76.3296097823638,197.09807392340042
15.827918310107634,-216.80455948152718,-216.80455948152718,232.6324777916348
58.37060079740013,-200.78754962507134,-239.55180013634376,259.15815042247146
51.724039019738484,-159.95064322757315,-167.38211376072033,211.67468224731164
1943.0490736527136,1817.7406157717671,-71.06478741090976,125.30845788094643
1593.442202742528,1508.136314956739,-6.234614829493829,85.30588778578908
776.336507620721,546.1519914744777,-149.50253044050777,230.18451614624337
1211.7844771673463,1050.7308960772755,-29.090205510674984,161.0535810900708
1932.4613780138843,1832.1537067011502,-9.313853054683065,100.3076713127341
0.31465417639884663,-262.1256976890054,-262.4264983838185,262.44035186540424
148.01786393507064,-55.26028749953585,-146.45261743315018,203.27815143460649
1629.6682647760335,1482.15411740696,-73.85631388255902,147.5141473690735
79.14947442907624,-82.46355532264667,-93.90591756066667,161.6130297517229
1068.7001909186274,895.1599673609326,-87.12498075184493,173.54022355769484
329.0433726815054,109.92385989507352,-166.20378206271238,219.11951278643187
483.585841402858,324.5488696282556,-27.34712289932762,159.03697177460242
10.226669776550352,-216.9963753438907,-218.11580522886956,227.22304512044104
393.9625499138656,123.13011641136268,-238.2884761829859,270.8324335025029
78.10359275115025,-186.29475739443433,-207.66417121353535,264.3983501455846
1600.3151190032313,1432.0530754447927,-46.38117061624446,168.26204355843856
15.463630029512387,-158.3702247189483,-164.94090031271182,173.83385474846068
-1.7171536263507505,-210.20597931931187,-210.20597931931187,208.48882569296111
441.33808780682193,173.1364519089841,-241.32104702359013,268.20163589783783
276.0072631033363,54.94073284525109,-177.64413107499047,221.0665302580852
43.30985820719434,-243.12948168892126,-258.2344673681768,286.4393398961156
-2.7522614003482317,-236.43593549201765,-236.43593549201765,233.68367409166942
279.32837418139934,109.0757485611025,-72.16621696062278,170.25262562029684
1683.3634040073466,1560.3046439997158,-4.891840461820443,123.05876000763078
2426.7627831438185,2346.118242257705,-10.224187620289669,80.64454088611365
21.555062934259695,-261.6409035507562,-261.6409035507562,283.1959664850159
1485.66635523476,1409.3248803458807,-14.97842805977018,76.34147488887925
457.90984683624265,221.99612519904082,-182.1758925985144,235.91372163720183
-2.4115614967927286,-226.6957747009945,-226.6957747009945,224.28421320420176
67.31360594463558,-65.56041727924836,-89.64844313248958,132.87402322388394
145.5633770318591,-120.43981050145987,-228.8577334616823,266.00318753331896
358.2404330627196,199.44928713305129,-21.29383393242871,158.79114592966832
70.44752224067497,-121.128332067798,-171.69955697173182,191.57585430847297
-0.05388383689333409,-205.29191530487557,-205.29191530487557,205.23803146798224
41.88387590028742,-226.5618224271309,-250.11190119340978,268.4456983274183
571.3616671745167,328.35680496610576,-189.58738922240383,243.00486220841094
17.484128673905843,-234.56200140860196,-247.4890279678386,252.0461300825078
118.67939180136091,-106.8708935886765,-143.71617387867101,225.5502853900374
1176.9296160833637,957.843818327761,-140.36798729028555,219.0857977556027
27.464106161526615,-231.28702589456407,-246.98124974562927,258.7511320560907
26.446328596260855,-200.8992417616336,-210.10889035699628,227.34557035789445
549.029984713653,328.4908094800454,-178.58291309423262,220.53917523360758
265.2827077344673,45.138993896013744,-137.39013770282583,220.14371383845355
616.4090337658808,474.3384623361187,-12.210417644388983,142.07057142976214
840.9187078441482,663.3259908256196,-85.14059033199827,177.59271701852867
874.330297593142,676.4212656777075,-114.64751418330111,197.9090319154344
67.33243648196913,-160.69955454746378,-188.68526584100266,228.0319910294329
276.7740273223135,117.77401571791293,-36.117430896835515,159.00001160440056
72.25570582511273,-147.92116091866626,-160.08484672702565,220.176866743779
44.97568639371957,-157.24142453490555,-184.5882286702588,202.21711092862512
405.6757839040665,212.62181509345194,-112.32939447330301,193.05396881061458
871.7112542608129,751.2119124881036,-9.5053992418284,120.49934177270927
99.23782467193041,-94.12232228885412,-178.12418143703877,193.36014696078453
5.117216021806826,-234.75992312968663,-235.7858902740939,239.87713915149345
392.264920446607,202.59517542892306,-29.189442385404334,189.66974501768394
2546.0181248114204,2442.110994667624,-19.062708604237706,103.90713014379662
622.3777075026637,386.23682273125064,-163.09944651241096,236.14088477141308
2036.7199052868946,1900.9455620549302,-65.7029970980903,135.7743432319644
471.7392823355931,329.1170466462703,-6.885675651728434,142.6222356893228
308.645469119454,58.99487903321602,-204.94924293358727,249.65059008623797
367.2080634583299,149.03073810382193,-161.05702276632272,218.17732535450796
923.4231969496104,738.7754417660258,-48.784068957565395,184.64775518358465
1138.2606813608782,956.8079046578699,-117.52217740148677,181.45277670300823
64.76346262589732,-132.04436820970625,-159.09540590579644,196.80783083560357
48.280321406664825,-150.04694583808438,-180.7776331108177,198.3272672447492
456.38733270787907,259.6093688913006,-90.26288634274198,196.77796381657845
51.03900902772557,-173.35127035260788,-209.41161657735452,224.39027938033345
1482.1448923486296,1297.9708783782817,-73.11147673130785,184.17401397034791
130.1653517948389,-80.12024197158948,-165.56269842943138,210.28559376642838
1750.4930040395448,1629.2598680481133,-16.513463664183558,121.23313599143148
185.5198629022898,-49.07655248283078,-202.57217459747352,234.59641538512057
648.9944195706976,474.14674331453415,-9.3343018203052,174.84767625616342
-0.15066511371310298,-213.4509315988446,-213.4509315988446,213.3002664851315
323.40793644554105,75.89402424464953,-168.8169198206444,247.51391220089153
510.89027413436906,292.00610749154805,-135.93944671768068,218.88416664282101
108.29588191465564,-59.06915209310125,-131.85650639452345,167.3650340077569
1048.0009034214418,821.6583998979977,-145.95252979842695,226.34250352344407
2244.4129690240734,2084.772600789728,-2.207033003517804,159.64036823434526
88.5097747088139,-159.15252401608092,-227.73045841613188,247.6622987248948
391.7225589161626,230.14438927247735,-68.50780919602613,161.57816964368524
-2.4316437600223253,-196.8538547525837,-196.8538547525837,194.42221099256136
28.132603158581787,-209.54936788451954,-227.6680313825268,237.68197104310133
194.28601326239186,9.1605237544874,-149.0655684948723,185.12548950790446
1321.4299717203394,1090.0271326703391,-140.30710392097137,231.40283905000024
1660.0726970232772,1519.4445095057188,-41.79695474225632,140.62818751755844
478.31398438159795,282.0422448745858,-32.86753090328628,196.27173950701217
22.358716356643527,-272.3788458661819,-272.3788458661819,294.73756222282543
398.07807568923454,199.48280398040043,-31.94963807766844,198.5952717088341
1143.0700121233021,1009.8709731582371,-55.516962363217274,133.19903896506503
1195.0935714634197,1044.4331162268156,-68.40396011288252,150.6604552366041
526.7698501120594,355.1522406497213,-44.15685834687195,171.61760946233812
734.9056037369155,586.5548907613371,-63.65860078414815,148.3507129755784
2.292048073234696,-206.8160386970223,-206.8160386970223,209.108086770257
171.3516779761294,-37.85848099840385,-90.43442194208905,209.21015897453324
129.31285769369788,-73.00416453607463,-157.63251934935732,202.3170222297725
531.1964075922979,297.725887309167,-151.41125237918888,233.4705202831309
2421.657995231526,2328.597379855504,-10.538418590135645,93.06061537602181
300.4483030043866,53.65295938378253,-167.66032936889883,246.7953436206041
379.459192060187,127.19563537098,-206.21916549904125,252.26355668920698
1152.4296546029964,1031.446903432084,-29.54436139431259,120.98275117091248
48.697050668703014,-165.4195885224616,-196.56376177628584,214.1166391911646
1018.1935300344539,887.2829569744446,-51.18821482703842,130.91057306000937
822.7178073942559,616.4817824311335,-122.41895651830337,206.23602496312242
270.53347654322806,-2.9022684613260026,-229.21507591995228,273.43574500455406
207.37777572875348,-43.7597624581808,-220.67599415912605,251.13753818693428
63.05984829496629,-143.53560156007427,-173.7437416163498,206.59544985504056
1080.0929507821093,905.7451141405425,-119.48700217008475,174.3478366415668
168.30108022890545,-63.25686854429992,-145.3536351477812,231.55794877320537
96.92681573474238,-167.7217761086868,-217.20077584434694,264.6485918434292
80.15958376224216,-114.08593673416186,-177.3142563784869,194.24552049640403
5.179107514209591,-180.317591872857,-180.317591872857,185.4966993870666
179.53159372960818,-26.03790237683063,-160.19219278545953,205.5694961064388
618.4182960065164,460.6925971025641,-90.10417440827277,157.72569890395226
1430.5859665883672,1266.1886420729136,-97.08727337022698,164.39732451545365
368.5498995547832,135.19526850804436,-169.90051358376297,233.35463104673886
6.918742454458766,-273.04807668880335,-277.0656392302087,279.9668191432621
41.828760314978354,-188.52836150510353,-201.39188711797863,230.3571218200819
685.5624744974812,495.05455180384615,-102.83478872369027,190.507922693635
323.4598883966737,126.44917776317368,-166.3729333856043,197.01071063350003
328.7677116394516,89.18081496142466,-159.9959235375823,239.58689667802693
1345.9187328817497,1213.0076171296912,-11.361219785907082,132.91111575205855
696.6650144639025,572.2374460311721,-17.921084148360805,124.42756843273037
1692.2323721281846,1563.9459891179736,-16.01679272361037,128.286383010211
9.232724773732343,-216.98874299076294,-222.72630378079316,226.2214677644953
1405.0890302676744,1216.3691956139626,-131.43640408906194,188.7198346537118
562.9218382851759,384.7209239882952,-68.36469071695359,178.20091429688068
1069.1182400910475,933.3462676648778,-54.41654220605937,135.77197242616967
530.9265222348367,396.1342554889741,-15.770012961755528,134.79226674586266
976.1983721677734,792.0909615315488,-67.35154628898914,184.10741063622459
584.6947108877048,378.0942638726726,-113.69342742833317,206.60044701503216
754.711881581894,605.5010544869828,-23.58414798584306,149.21082709491122
333.0902248662542,149.97234096305462,-44.97569384654584,183.11788390319956
820.4998232651378,645.2886402727803,-88.87927340313547,175.21118299235752
209.9505721768619,0.36061422607585314,-153.8639821125787,209.58995795078604
1184.1508692565894,1089.4519491259646,-6.674082039341133,94.69892013062486
15.869523190567179,-196.9100834290935,-196.9100834290935,212.77960661966068
121.08726279857638,-51.08308856913027,-109.43523524904373,172.17035136770664
18.78872927534394,-238.22911678822265,-252.93662900247813,257.0178460635666
21.583062754285265,-172.35568220458842,-190.42291159587555,193.93874495887368
325.7296769080358,156.25160913632078,-61.00028408426277,169.47806777171502
182.7566788264039,-26.65487931236487,-131.76504684947062,209.41155813876878
411.59356302977903,237.765441273074,-37.23378446182316,173.82812175670503
30.39809947228423,-159.16249705411147,-159.16249705411147,189.5605965263957
94.27847144073621,-147.4078789717816,-209.3223028553657,241.6863504125178
687.3211836660721,530.7739989118229,-29.453146635771844,156.5471847542492
65.09208340450004,-158.19614194783412,-188.18603771442224,223.28822535233417
109.09079713301799,-185.6922464812625,-244.66286172589417,294.7830436142805
57.029245011050534,-156.93775944013746,-158.7867390247781,213.967004451188
60.95862959751503,-113.97307683772021,-113.97307683772021,174.93170643523524
888.2400312352256,725.4783233344447,-57.0927938308769,162.76170790078095
219.73788041922944,-8.044381146075693,-126.89819708362941,227.78226156530513
3407.8711254805166,3310.3987569771975,-38.38025495048029,97.4723685033191
118.04837535460683,-135.3828573448063,-177.606065880577,253.43123269941313
27.572992067247924,-236.5957332870268,-249.38630233082637,264.1687253542747
163.09653585468823,-96.00654484496124,-222.34355772621393,259.10308069964947
142.6196920143616,-76.6610506991953,-196.1582932516169,219.2807427135569
734.4431359570626,588.9509386044467,-39.87858199099571,145.4921973526159
18.28437355868482,-180.2942171228048,-193.19276564003167,198.57859068148963
2531.137704007322,2402.646365635938,-45.77851903754337,128.49133837138424
84.61409875833397,-86.35104453185227,-86.35104453185227,170.96514329018623
396.12948365900775,178.5008747059573,-82.32617480458191,217.62860895305045
97.74149597742053,-131.60645196891375,-201.4151103729398,229.34794794633427
711.5456015868895,554.3334932858932,-56.12366981006036,157.2121083009963
224.64527068970983,21.330732943664174,-102.75402701415595,203.31453774604566
330.38804574577625,147.13466624071145,-100.1888718109661,183.2533795050648
2110.045207448349,1961.4603866862485,-13.567868495167424,148.58482076210066
288.10354462752093,56.51013110636606,-170.79466616300755,231.59341352115487
28.07688617529857,-146.31124273290206,-146.31124273290206,174.38812890820063
448.43297549593353,239.64585669806686,-111.71631062530832,208.78711879786667
164.27370495458126,-96.22872483733016,-211.15552168034353,260.5024297919114
312.1763171443854,93.65916760793672,-159.647435601957,218.51714953644867
635.7735852179458,465.6465885769096,-17.09769644902329,170.12699664103616
1991.4027278636986,1906.42974043597,-3.993593856233744,84.97298742772864
1460.0569443189452,1369.0653263156116,-0.991033807497331,90.99161800333354
1013.4045799191699,827.0142229770343,-20.8425355420232,186.39035694213567
877.3064441419438,748.7434181427938,-53.33793477075962,128.56302599915
139.4700875014969,-61.58883185380853,-107.71383244712604,201.05891935530542
154.0406443452066,-41.64903476548767,-95.0071851651588,195.68967911069427
1581.4944784267045,1479.8989883789302,-31.16545008351494,101.59549004777432
-0.44082345201840667,-209.6309032866289,-209.6309032866289,209.1900798346105
700.1289311209848,496.82128956578623,-132.66356408068322,203.3076415551986
85.05531130762256,-132.4833046982219,-165.62835462135806,217.53861600584446
1574.5997159435956,1435.785050402792,-61.870083846397705,138.81466554080362
318.5251431756069,99.63653308277048,-118.80653767634075,218.88861009283642
1093.8552398092215,946.3073100346353,-83.43808079099851,147.54792977458624
243.31835633709306,21.790348182762784,-141.5123355753463,221.52800815433028
166.83401708464226,-65.36241618767292,-140.68127296693604,232.19643327231518
993.3356078202287,829.2126081662359,-73.45040699656039,164.1229996539928
21.91454292688445,-199.05043327429425,-207.65273234472193,220.9649762011787
1177.1271100953545,985.1599037694325,-88.12789596239645,191.967206325922
1467.0451729330962,1369.6598001992547,-13.067085831364206,97.38537273384145
916.8151752809754,721.5932298576851,-124.94719597398043,195.22194542329032
1030.1160053493204,896.6167921875207,-10.954358213017724,133.49921316179973
155.09525074284647,-65.17394726935035,-197.39448688237565,220.26919801219682
10.842492928700267,-192.4799454980596,-196.07026263432775,203.32243842675987
102.64453929970568,-103.07342468717482,-192.34712666543942,205.7179639868805
402.09866338643405,263.66419956568575,-31.763117824377304,138.4344638207483
1280.607627589694,1082.7632483848822,-136.05848625828384,197.84437920481173
320.48298015978617,88.68733461930589,-178.25353885749013,231.79564554048028
1113.809095786104,893.7000047994036,-163.9277565426305,220.1090909867005
289.03285011015396,58.15656303822962,-145.2400381737175,230.87628707192434
141.6611202738486,-97.89552721806763,-217.5449703181905,239.55664749191624
564.0305755656718,351.0379623883736,-109.66635462798399,212.9926131772982
245.98384941076984,94.16390298072778,-24.400790920054387,151.81994643004205
229.20685504902758,20.893130658815267,-70.5852472986696,208.31372439021231
335.0748844126447,143.11373030649577,-37.58470909829023,191.9611541061489
1074.6220511281608,968.3769443534045,-11.587522810861515,106.24510677475632
42.7649301966826,-160.59001214619613,-160.59001214619613,203.35494234287873
64.32808234903814,-193.7216054159769,-217.08091870826377,258.04968776501505
349.331448209844,167.7704445088412,-72.544274263769,181.5610037010028
111.08721428369336,-113.88641130219949,-207.83423740881173,224.97362558589285
366.81499541535777,225.3770224150392,-3.070819375076649,141.43797300031858
571.1154552352646,359.60287424455333,-143.7642225099661,211.51258099071123
148.6530628536393,-134.31103160538316,-247.94092229411893,282.9640944590225
262.46962979845466,75.16555495026225,-133.19214726652118,187.3040748481924
1063.8816109768322,949.1202079964581,-37.24278026596958,114.7614029803741
5.199024271538747,-184.60060194601118,-184.60060194601118,189.79962621754993
98.33367833167631,-135.92310213468983,-215.85876414823755,234.25678046636614
2799.2193064427483,2729.0614624018267,-1.9939519703767132,70.15784404092165
2.717550225666514,-224.3295802282681,-225.8216431119423,227.0471304539346
161.52413524316125,-82.99370216421366,-187.02986351880227,244.5178374073749
580.3804954082689,387.82500676145514,-75.38572676136413,192.55548864681373
102.19908146420221,-133.19052581352372,-205.9138004314664,235.38960727772593
324.3120581602061,138.72988426970625,-119.25801708745777,185.58217389049986
226.7361736348057,4.693880154787621,-187.57979112557268,222.0422934800181
114.85819811863848,-86.66714577939683,-130.78742896403662,201.52534389803532
243.17309585031398,36.60510827039542,-180.9404734885507,206.56798757991857
481.4482009850808,348.67524343122864,-14.109917029897195,132.77295755385217
84.31601548510434,-69.68201977575788,-76.2066192677697,153.99803526086222
74.9058828344605,-172.01630074774133,-205.7419168802571,246.92218358220182
103.69452084034674,-78.0691894614641,-110.94134114733103,181.76371030181085
22.939383139259007,-219.51989289793636,-234.39059016554103,242.45927603719537
13.270947942275825,-261.2204488539604,-264.7804937074108,274.49139679623624
232.71030557144695,18.18053476468097,-181.31876898191868,214.52977080676598
7.235405886601711,-208.64599486029638,-211.8885225668984,215.8814007468981
266.1953698997213,64.48281587571853,-168.77055485089542,201.71255402400277
742.3946787474351,559.3301873886621,-105.11482782090627,183.064491358773
403.72694609308746,200.9959960605202,-104.41501708775061,202.73095003256725
1205.90248038758,1046.0494077725332,-79.49165571616584,159.8530726150468
855.3185568523368,715.2089804637565,-6.715029828008539,140.1095763885803
745.4287137666888,537.9828728221772,-140.20084238345862,207.4458409445116
344.6711678627689,72.57254888566484,-245.99652165851808,272.0986189771041
984.378714452123,776.2901954488451,-102.7711330264093,208.08851900327784
49.97788503423999,-168.51390937983393,-210.7109989766182,218.49179441407392
6.415376132788197,-256.9867985845066,-256.9867985845066,263.40217471729477
199.47821526832195,-103.82607917674522,-271.9524643285647,303.30429444506717
800.0569685048613,555.5621312788955,-166.23990530859732,244.49483722596574
473.17226601285165,303.1497397320493,-72.42316018055692,170.02252628080237
1546.1004076099289,1417.1093870970913,-37.631181536924814,128.99102051283762
153.91552270016018,-30.554789617538347,-45.62393261593161,184.47031231769853
8.651471177623762,-192.49966624357762,-196.51624698304403,201.15113742120138
1732.0384555509008,1669.4018571449537,-2.107658441378973,62.6365984059471
218.91278512073586,-5.8803625275866125,-178.25617612578674,224.79314764832247
1722.2426063119892,1617.4784442597165,0.8581968506852036,104.7641620522727
574.8207380228878,323.82189690308326,-181.89333860990226,250.99884111980452
139.25700509275794,-123.68061880654875,-235.9339545782415,262.9376238993067
95.21748648168341,-105.55631808211206,-105.55631808211206,200.77380456379547
657.0703223958708,471.72717427822573,-63.28518127043699,185.34314811764506
32.89108910457276,-236.37055301465608,-262.61974521192167,269.26164211922884
344.33838145890513,135.24709448660263,-155.9564344572608,209.0912869723025
72.20036257484799,-134.25154072713872,-185.71978042014194,206.4519033019867
1.6186267682248854,-223.26666241097087,-224.25705568950292,224.88528917919575
3.8826381012749493,-201.30383845173267,-204.72500798484467,205.18647655300762
334.17976170233214,132.90158738581087,-151.1724005940827,201.27817431652127
192.8495477915185,-43.874001624378735,-162.18384694374788,236.72354941589722
512.4353045589105,296.80241679696576,-155.2251936278467,215.63288776194474
116.72720047728399,-103.24647096133612,-198.28669027762078,219.9736714386201
731.2274001549213,504.21038290976753,-141.7901215809426,227.01701724515374
1680.954638872494,1570.6382468685988,-30.58509275381256,110.31639200389509
1.4259693610099475,-218.56302911769012,-218.56302911769012,219.98899847870007
1886.0788119777153,1792.3989966904905,-23.33795311338713,93.67981528722476
472.24876147118084,281.86796667748996,-118.17681579989329,190.38079479369088
13.25724456444209,-206.7826012557922,-214.53203382190213,220.0398458202343
184.38551114061465,-63.77434340004305,-189.67580065984777,248.1598545406577
702.6878572816486,481.76841676623883,-93.30975412028668,220.91944051540975
3083.0384197863204,2933.5508342127505,-73.54631456888869,149.48758557356996
99.19244513935337,-107.99617801447533,-187.6494271435302,207.1886231538287
65.84710538205672,-148.40191551096876,-199.61585334223122,214.2490208930255
660.7027196974068,496.77551610846785,-28.709890306420675,163.92720358893894
1993.2851373837766,1908.4876441415374,-0.31715422281575556,84.79749324223917
1498.094058296234,1373.2938091864241,-23.412860215434137,124.80024910980978
1.1893478581164345,-225.67357881063006,-225.67357881063006,226.8629266687465
69.76065052685544,-99.25154673259775,-134.90176290503706,169.0121972594532
60.60483526259122,-189.5668185187956,-222.91343315658304,250.17165378138682
152.0536678130493,-32.92504374207749,-96.7881063255551,184.97871155512678
72.04851214647124,-149.82975783503753,-207.15677149973283,221.87826998150877
127.04578503688572,-50.456906160184985,-50.456906160184985,177.5026911970707
891.8258624250393,705.2924682681213,-66.03679714273726,186.533394156918
2643.336364345836,2517.3196357063225,-37.81760567212343,126.01672863951353
482.7975163019664,305.55283627177926,-110.48103996254221,177.24468003018717
2199.99643783779,2055.918848648685,-37.58509494335766,144.07758918910486
1864.4991631047887,1775.1585359355656,-15.567725590204581,89.34062716922313
552.9413569096268,372.20015582928187,-93.72947954446735,180.74120108034498
301.4104816910276,168.06660821283936,-19.049500368696517,133.34387347818824
64.26797391581567,-129.70889202824014,-160.86952178933504,193.97686594405582
57.823409350377005,-158.36099052558083,-158.36099052558083,216.18439987595784
602.824485634379,438.78246296723717,-44.88406866409195,164.04202266714185
304.89488715906555,42.59452666645939,-209.44653056715546,262.30036049260616
1681.3575224964916,1545.267522840089,-32.86023233265295,136.0899996564026
719.9195101334672,597.1331359295809,-12.232412268982582,122.78637420388623
1541.7048916598415,1342.753347896261,-117.54696148690158,198.9515437635805
463.53905406836293,287.48699584813266,-122.82069729578917,176.05205822023026
426.18913947665624,201.13675175620716,-189.77940254611104,225.05238772044908
49.955859891880664,-132.98150824738218,-155.66619911373755,182.93736813926284
495.90813063423684,323.5852134065912,-103.56596359857632,172.32291722764563
342.906809187768,143.00147015146158,-134.54757552277107,199.9053390363064
120.82956466410178,-53.95541366327839,-98.8298214573457,174.78497832738017
73.18021683856705,-75.09758334811707,-109.28599232733438,148.27780018668412
1610.1204642936518,1450.2413806096056,-29.812750540337788,159.87908368404624
157.80198508680678,-97.7965946631848,-217.23320367632536,255.5985797499916
4.737944456504465,-243.84500231184322,-243.84500231184322,248.58294676834768
148.69935908612842,-67.0677762814947,-184.60655315039898,215.76713536762313
3.361518802529531,-232.28763544893755,-233.80468285620762,235.64915425146708
44.24048228429092,-182.40437162077097,-214.91972102482663,226.6448539050619
-0.10612892846819477,-195.14129348265698,-195.14129348265698,195.03516455418878
2570.795902839569,2409.144881931055,-68.6269780923281,161.65102090851406
1121.0718051578951,967.3614696953973,-48.71289563894763,153.71033546249782
50.75383922290803,-160.5589982597382,-168.4674112010527,211.31283748264622
485.1591951346145,241.70825305971567,-194.23775127221802,243.45094207489882
3.25130381888016,-222.81212851980646,-224.72537766233543,226.06343233868662
479.91297293513526,244.80901933664805,-105.52633147165041,235.1039535984872
115.95173823059304,-79.81386070413484,-102.20639193595557,195.76559893472788
419.35341227374283,246.4084310571393,-73.54526356603411,172.94498121660354
55.134863083007076,-60.46362189727803,-60.46362189727803,115.59848498028511
7.420225521617567,-207.1836917899535,-211.5388011871949,214.60391731157108
387.2439336044272,183.42710212252726,-120.68841436686822,203.81683148189992
460.39639838493986,252.92238484812688,-133.38250483492465,207.47401353681298
32.908928390492974,-196.60405051133606,-221.0982062625564,229.51297890182903
2052.09283127912,1926.6189021632235,-44.64389511218164,125.47392911589668
511.44052447445756,272.2470373285135,-179.5892366748624,239.19348714594406
-0.21712463464831444,-229.20974606865335,-229.20974606865335,228.99262143400503
1250.6099897316908,1073.5280812009569,-93.04343353739964,177.08190853073393
236.9421964684616,49.4312259172105,-101.44956388786628,187.5109705512511
372.97439681894684,228.0293009274795,-36.11729461706266,144.94509589146733
1162.3074962710198,1071.0802821952432,-0.17136092412363269,91.2272140757766
2387.1186538797865,2269.2824452622,-38.814833553098325,117.83620861758664
833.0330484194255,701.1786654383578,-17.19012551005005,131.85438298106772
1464.4008512089458,1352.5959675308227,0.7130011127890157,111.80488367812313
448.89817111748016,234.28665985683372,-176.29274559965026,214.61151126064644
16.654741368821306,-207.61242866096293,-207.61242866096293,224.26717002978424
715.4480952055774,571.543190365553,1.384053811288652,143.90490484002441
1029.0848180174198,871.9518102476545,-44.352752001129865,157.1330077697653
76.34469003796403,-129.6226536683236,-129.6226536683236,205.96734370628764
891.8757147668239,754.0181424848963,-38.29118294100463,137.85757228192756
859.65020737735,650.4587352925789,-103.32152848303143,209.19147208477102
103.85311265112887,-109.0841473240821,-192.72062309650943,212.93725997521096
498.06717905607,243.8835497309876,-184.50603815870193,254.18362932508242
130.7996243462958,-135.7602877361884,-157.1738634632016,266.5599120824842
4338.643521811304,4281.948110443835,-5.748783075392183,56.695411367469205
2629.8088069912137,2520.465078779126,-8.58635461439589,109.34372821208763
617.7062379792133,422.327310713168,-79.36334947626412,195.37892726604525
3138.199907468432,3061.157881249984,1.2937231098416966,77.04202621844797
52.38762308191144,-141.0905273018099,-179.38927663114208,193.47815038372136
1147.5503215124772,973.8084406419823,-59.02046513801511,173.74188087049492
983.2189937979401,833.7895030388726,-45.34263772371287,149.42949075906756
845.7059096024677,646.0462811650207,-153.8527222208175,199.65962843744705
202.34615738036882,-2.034131292366652,-179.56638912691085,204.38028867273547
278.1222524179202,120.98368563211048,-49.94092001953084,157.13856678580973
305.6627043304352,107.47475598682223,-73.54663873400682,198.18794834361296
97.96272100826263,-143.86102569814773,-223.84022137911893,241.82374670641036
464.90933973878055,318.7730768739564,-23.129485824227967,146.13626286482412
194.93542754981536,-38.8283832061708,-194.88862276532709,233.76381075598616
642.9037845425155,392.5316848623999,-153.6511054267708,250.37209968011558
213.9127936095756,-43.18558918546921,-184.71180028717987,257.0983827950448
2571.8202780072224,2445.5705548719297,-59.02733064299929,126.2497231352927
433.9354056123002,185.7427127662636,-197.26502495993566,248.1926928460366
505.91555149914984,343.13853781005275,-15.209031763500953,162.7770136890971
1970.025969259239,1834.4258490663149,-85.82191381574599,135.60012019292412
217.73128352774893,82.24004567582676,4.596470336846892,135.49123785192216
9.554558862408385,-244.9598491467178,-250.0126277937541,254.51440800912619
1406.4219482658973,1284.7664773824508,-1.0295663567487772,121.65547088344647
189.36253921006028,-43.96910661001499,-205.43159630715596,233.33164582007527
398.7197094457524,158.22386746606256,-175.21919618317807,240.49584197968986
465.1854007725178,325.0344414814127,-39.498715324343955,140.1509592911051
3073.6999077196124,2993.6477419543544,-13.414720384834535,80.052165765258
486.9718885482198,256.71603903079233,-165.3837919269791,230.25584951742746
249.41906922690487,66.42904025619544,-63.6325128740292,182.99002897070943
194.89997341127673,3.1685319698440537,-135.15527827054672,191.73144144143268
345.8155340848389,103.56377349539662,-167.69648091956336,242.25176058944226
12.69846950454098,-170.1648174366889,-170.1648174366889,182.8632869412299
1516.5952671006507,1368.6757729408425,-3.8871339057385086,147.9194941598082
140.1745386277089,-123.46483666664733,-239.83953954830898,263.6393752943562
262.7287263280805,60.81697150080353,-71.53528418190143,201.91175482727695
2139.444739994349,2020.6355973171283,-16.376373970244188,118.80914267722096
764.196861323333,623.1767480944351,-0.4997853765760141,141.0201132288979
120.9020590182572,-104.26107643558572,-159.7473318762486,225.16313545384293
399.422444318383,131.9613862688043,-216.68618068926423,267.4610580495787
330.22650374942987,123.96049982351121,-134.51660662977415,206.26600392591865
1594.644784925842,1499.0637009639836,-7.325941348762468,95.58108396185844
389.45021044501027,136.51113445157557,-211.20827538258538,252.9390759934347
2.492399129181649,-221.64932559260424,-221.64932559260424,224.1417247217859
28.096131593526025,-233.00733524814552,-252.09947381065314,261.10346684167155
649.0690735233202,466.1983635096739,-69.90904975922396,182.87071001364626
43.90613127845518,-172.38689381277368,-188.53032558110465,216.29302509122886
198.69533138503994,-42.288089422640496,-195.3626890479311,240.98342080768043
85.19166448577926,-160.17288866944617,-161.6428842539308,245.36455315522542
257.3750783292089,63.24552149905213,-45.2773478744891,194.1295568301568
1087.7395936929606,983.5379624343036,-24.124573286702603,104.20163125865702
159.81662192392196,-86.23944601455543,-219.33739550314482,246.05606793847738
63.160387499612625,-143.3694532093982,-153.8636070021939,206.5298407090108
131.3006706718238,-88.64707002500896,-148.2739829284258,219.94774069683277
13.663285941797767,-247.27441561809292,-247.27441561809292,260.9377015598907
21.564154178772696,-189.70689977854087,-206.93176319479142,211.27105395731357
1780.537312335564,1625.3912898865394,-51.68114483018571,155.14602244902449
1074.9107413015772,888.7478570016024,-118.68356323379031,186.16288429997485
691.824194069477,509.7990839797448,-83.95138862831476,182.0251100897322
842.9992691687366,646.8736764555282,-85.91820396198428,196.12559271320845
1552.313879189449,1425.517024004937,-7.082863346901874,126.79685518451197
152.16501330432584,-47.20702108386561,-186.61993385909057,199.37203438819145
1599.6766038153273,1456.121657976499,-67.04476204949064,143.55494583882842
246.78665866881965,75.14348728981696,-48.15757552719691,171.6431713790027
231.45459087758445,3.5310846009833483,-153.69839943952036,227.9235062766011
91.08253118990706,-79.02018677126051,-79.02018677126051,170.10271796116757
77.30960100185393,-152.9367660408088,-186.91419528794682,230.24636704266274
1963.0158645868632,1815.4493681255196,-90.7090216263518,147.5664964613436
1593.7467252937804,1483.6453241023285,-8.937956616235589,110.10140119145194
207.67983876588278,79.21852318311079,3.355967195990843,128.461315582772
1259.6381261235074,1144.0201037558802,-32.578155168822875,115.61802236762719
581.8433544164573,359.9701551275599,-181.71383816893928,221.87319928889735
324.45698156786966,105.48392173210169,-113.70214726904145,218.97305983576797
167.72670154622574,-96.32095090373429,-242.74707851972892,264.04765244996
41.401775325884955,-204.53246213050068,-234.7523488095679,245.93423745638563
301.55718415032334,74.42088156200475,-176.6030035639483,227.13630258831859
13.97824016077493,-193.90152224703235,-200.69609169774932,207.87976240780728
-0.28570615500314034,-204.47601087688844,-204.47601087688844,204.1903047218853
2.393506641392378,-213.70698431647247,-213.70698431647247,216.10049095786485
292.87707956051963,48.65915368581324,-182.40575377549214,244.2179258747064
2073.264043053099,1896.693459557721,-98.64725298515768,176.57058349537806
93.61784852033497,-79.25624629949911,-111.43135908222911,172.87409481983408
404.4447677957878,182.64731473942626,-113.15873839828623,221.79745305636155
9.320876199567692,-275.54110501893655,-278.3794525630896,284.86198121850424
27.27996018015051,-200.44112756766876,-211.58700607452246,227.72108774781927
457.5574720459226,319.6938219492839,-30.409620033916557,137.8636500966387
292.43264093104244,63.14195832622431,-144.60114559451165,229.29068260481813
1259.1065160177423,1132.90799448338,-22.614439215307485,126.19852153436227
37.00382819910874,-194.35749206828933,-194.35749206828933,231.36132026739807
682.4756577437038,476.1576642534905,-125.9550508474941,206.31799349021327
16.422817340914207,-271.6747535372578,-278.3244976268015,288.097570878172
374.8976579553564,160.993380024283,-133.99015625415376,213.9042779310734
1491.1249032042906,1384.912028510083,-16.522473573059827,106.21287469420758
1.6289655458981258,-218.15386518072322,-219.44788897342832,219.78283072662134
46.48293915889417,-183.9265458154166,-214.2337504992025,230.40948497431077
731.3056987194541,545.2040198726068,-71.55989309525253,186.10167884684734
719.9150304852865,476.4225710705785,-168.09810309259126,243.49245941470798
2648.977144202572,2516.6863662976543,-68.48954868971458,132.29077790491783
583.6988986795795,370.04454143945435,-169.61653579608526,213.6543572401252
1584.8292234002965,1445.3733560110447,-12.058642914322185,139.4558673892518
1268.915059632116,1130.1561747853852,-12.051500104223887,138.75888484673078
2358.0232446746104,2268.94979877108,-8.533154192259502,89.07344590353023
